theme_component_id,userEmail,theme_name,versionNumber,versionName,is_done,is_public,created_at,updated_at
1,jessica63@smith.org,service,1,v4.3,False,True,2024-05-09 20:27:45,2025-02-19 23:07:21
2,tiffanyrogers@yahoo.com,hard,5,v2.3,True,True,2020-06-21 03:36:42,2022-10-25 18:10:13
3,colleen91@curry-choi.com,black,1,v2.0,True,True,2022-03-18 10:11:44,2020-10-24 19:33:32
4,bstanley@white.com,expect,4,v4.6,False,True,2021-08-19 05:01:58,2023-03-25 12:14:29
5,colleen91@curry-choi.com,call,4,v1.8,False,True,2023-04-19 03:04:31,2024-11-02 20:23:37
6,jessica63@smith.org,mother,1,v4.9,False,True,2025-05-22 23:30:08,2021-10-08 23:30:36
7,wilsonjoshua@gmail.com,prove,5,v1.9,True,True,2022-06-20 16:01:16,2025-01-28 02:02:06
8,jessica63@smith.org,matter,1,v4.0,True,True,2023-09-01 22:16:12,2024-09-17 16:44:49
9,zrobbins@hotmail.com,picture,5,v3.6,False,True,2021-04-16 03:11:32,2025-01-18 08:48:12
10,sherriarnold@goodwin.com,analysis,4,v5.7,True,True,2022-01-30 10:10:58,2021-06-12 04:10:58
